<?xml version="1.0" encoding="ISO-8859-1"?>
<!DOCTYPE web-app
    PUBLIC "-//Sun Microsystems, Inc.//DTD Web Application 2.3//EN"
    "http://java.sun.com/dtd/web-app_2_3.dtd">

<web-app>
    <servlet>
        <servlet-name>waitservlet1</servlet-name>
        <servlet-class>WaitServlet</servlet-class>
    </servlet>

    <servlet-mapping>
        <servlet-name>waitservlet1</servlet-name>
        <url-pattern>/wait</url-pattern>
    </servlet-mapping>

    <security-constraint>
      <web-resource-collection>
         <web-resource-name>Protected Area</web-resource-name>
         <url-pattern>/secure/*</url-pattern>
      </web-resource-collection>
      <auth-constraint>
         <role-name>superman</role-name>
      </auth-constraint>
    </security-constraint>

    <login-config>
      <auth-method>FORM</auth-method>
      <realm-name>Example Form-Based Authentication Area</realm-name>
      <form-login-config>
        <form-login-page>/login.html</form-login-page>
        <form-error-page>/login_error.html</form-error-page>
      </form-login-config>
    </login-config>

</web-app>
