<?xml version="1.0" encoding="ISO-8859-1"?>
<!DOCTYPE web-app
    PUBLIC "-//Sun Microsystems, Inc.//DTD Web Application 2.3//EN"
    "http://java.sun.com/dtd/web-app_2_3.dtd">

<web-app>
    <filter>
        <filter-name>confilter1</filter-name>
        <filter-class>ConLimitFilter</filter-class>
		<init-param>
			<param-name>limit</param-name>
			<param-value>3</param-value>
		</init-param>
    </filter>

    <filter>
        <filter-name>errorfilter1</filter-name>
        <filter-class>ErrorResponseFilter</filter-class>
		<init-param>
			<param-name>error-503</param-name>
			<param-value>http://www.pat.net/</param-value>
		</init-param>
    </filter>

    <filter>
        <filter-name>defaultsfilter1</filter-name>
        <filter-class>RequestDefaultsFilter</filter-class>
		<init-param>
			<param-name>time</param-name>
			<param-value>3</param-value>
		</init-param>
    </filter>

    <filter>
        <filter-name>linkfilter1</filter-name>
        <filter-class>LinkResponseFilter</filter-class>
		<init-param>
			<param-name>[Ss]ervlet</param-name>
			<param-value>http://www.ora.com/catalog/learnjava</param-value>
		</init-param>
    </filter>

    <filter-mapping>
		<filter-name>errorfilter1</filter-name>
		<url-pattern>/*</url-pattern>
    </filter-mapping>

    <filter-mapping>
		<filter-name>confilter1</filter-name>
		<url-pattern>/*</url-pattern>
    </filter-mapping>

    <filter-mapping>
		<filter-name>defaultsfilter1</filter-name>
		<servlet-name>waitservlet1</servlet-name>
    </filter-mapping>

    <filter-mapping>
		<filter-name>linkfilter1</filter-name>
		<servlet-name>waitservlet1</servlet-name>
    </filter-mapping>

    <servlet>
        <servlet-name>waitservlet1</servlet-name>
        <servlet-class>WaitServlet</servlet-class>
    </servlet>

    <servlet-mapping>
        <servlet-name>waitservlet1</servlet-name>
        <url-pattern>/wait</url-pattern>
    </servlet-mapping>

</web-app>
